id;data_comment
1;Ngon gÃ¬ ngon quÃ¡ záº¡
2;Sao khÃ´ng giá»‘ng nháº­n xÃ©t cá»§a má»i ngÆ°á»i váº­y -.-
3;MÃ³n Äƒn táº¡m Ä‘Æ°á»£c khÃ´ng thá»±c sá»± xuáº¥t sáº¯c nhÆ° review.
4;1 bá»¯a tá»‘i tuyá»‡t vá»i!
5;Tráº£i nghiá»‡m khÃ´ng Ä‘Ãºng nhÆ° review
6;Ä‚n á»•n nhÆ°ng cÅ©ng k quÃ¡ Ä‘áº·c sáº¯c, nhÃ¢n viÃªn dá»… thÆ°Æ¡ng nhiá»‡t tÃ¬nh, decor k Ä‘áº¹p láº¯m
7;Äá»“ Äƒn ngon
8;Highly recommendedğŸ‘ğŸ»
9;NhÃ  HÃ ng Parsley - Steak, Pasta & HÆ¡n Tháº¿ Ná»¯a!
10;NÆ¡i háº¹n hÃ² áº¥m cÃºng
11;ÄÃ¡ng Ä‘á»“ng tiá»n bÃ¡t gáº¡o
12;MÃ³n Ngon, NhÃ¢n viÃªn nhiá»‡t tÃ¬nh
13;Phá»¥c vá»¥ miá»…n chÃª, mÃ³n Äƒn á»•n
14;TrÃªn cáº£ tuyá»‡t vá»i
15;Pháº§n lÃ¡ sÃ¡ch nÃ y giÃ²n sáº­t thÆ¡m khÃ´ng há» hÃ´i táº¹o nÃ o, cÃ²n nhiá»u ná»¯a. NÆ°á»›c lÃ¨o ngá»t thanh trong veo. Ä‚n láº§n nÃ o cÅ©ng hÃºp trá»n tÃ´ má»›i Ä‘Ã£.
16;QuÃ¡n ngay gáº§n cÃ´ng ty nÃªn mÃ¬nh hay Ä‘i bá»™ Ä‘áº¿n mua. Má»™t tuáº§n thÃ¬ pháº£i 3 buá»•i mua cá»§a quÃ¡n. GiÃ¡ khÃ¡ á»•n , ly láº¡i lá»›n. TrÃ  trÃ¡i cÃ¢y Ä‘áº¹p da nÃªn chÄƒm chá»‰ uá»‘ng láº¯m.
17;ThiÃªn Ä‘Æ°á»ng trÃ  sá»¯a lÃ  Ä‘Ã¢y chá»© Ä‘Ã¢u, náº¿u nhÆ° váº«n cÃ²n Ä‘am mÃª trÃ  sá»¯a nhÆ° mÃ¬nh thÃ¬ khÃ´ng nÃªn bá» qua TrÃ  sá»¯a nhÃ  Chasu nhÃ¡.
18;QuÃ¡n nÃ y mÃ¬nh má»›i thá»­ láº§n Ä‘áº§u mÃ  tháº¥y há»£p miá»‡ng thiá»‡t sá»±
19;LÃ¢u khÃ´ng uá»‘ng láº¡i tháº¥y nhá»› trÃ  sá»¯a trÃ¢n chÃ¢u Ä‘Æ°á»ng Ä‘en nhÃ  Chasu vá»‹ uá»‘ng khÃ¡ ngon , Ä‘áº­m Ä‘Ã  .
20;Sinh tá»‘ bÆ¡ thÃ¬ quÃ¡ quen thuá»™c rá»“i nhÆ°ng Ä‘Æ°á»£c mix thÃªm sá»¯a chua vá»‹ dá»‹u nháº¹ chua chua ngon hÆ¡n háº³n, bÃ©o ngáº­y ngon ngáº¥t lá»‹m luÃ´n.
21;Äáº¿n quÃ¡n mua táº¡i chá»— ly sinh tá»‘ sá»¯a chua xoÃ i. NhÃ¢n viÃªn gá»t xoÃ i tÆ°Æ¡i táº¡i chá»— . KhÃ¡ yÃªn tÃ¢m luÃ´n, xoÃ i ngá»t, sá»¯a chua ngá»t dá»‹u.
22;Phá»¥c vá»¥ chu Ä‘Ã¡o , chá»§ thÃ¢n thiá»‡n . Äá»“ uá»‘ng ngon , quÃ¡n view thoÃ¡ng , sáº¡ch . Cá»© quÃ¡ nÃ o ngon , bá»• ráº» lÃ  mÃ¬nh cÃ³ máº·t.
23;Topping cá»© pháº£i gá»i lÃ  nhai Ä‘Ã£ má»“m luÃ´n . GiÃ¡ bÃ¬nh dÃ¢n , Ä‘á»“ uá»‘ng khÃ¡ ngon há»£p Ã½ mÃ¬nh .
24;NGON LAM NHA
25;Mon ngon
26;QuÃ¡n bÃ¬nh dÃ¢n nhÆ°ng cháº¥t lÆ°á»£ng khÃ¡ tá»‘t ğŸ‘ğŸ»
27;Canh giáº£m giÃ¡ Ä‘á»ƒ mua, Tea time hay giáº£m giÃ¡ láº¯m, cty mÃ¬nh ráº¥t thÃ­ch uá»‘ng Tea Time, mÃ³n nÃ o cÅ©ng ngon, uá»‘ng lÃ  khá»i cáº§n snghi lá»±a mÃ³n luÃ´n Ã¡.
28;Cháº¥t lÆ°á»£ng, giÃ¡ ráº»
29;TrÃ  sá»¯a nguyÃªn cháº¥t luÃ´n lÃ  lá»±a chá»n No.1 âœŒ
30;LÃ¢u láº¯m má»›i review cho quÃ¡n quen ğŸ˜™
31;Vá»‹ trÃ  sá»¯a cá»§a Tea time ráº¥t ngon, thÆ¡m vÃ  Ä‘áº·c biá»‡t lÃ  cá»±c nhiá»u, uá»‘ng phÃ¡t lÃ  no bá»¥ng.
32;LÃ  thá»©c uá»‘ng ngon, khÃ´ng bá»‹ ngá»t gáº¯t nhÆ° trÃ  sá»¯a bÃ¬nh thÆ°á»ng, trÃ¢n chÃ¢u ngon, láº¡i cÃ³ nhiá»u chÆ°Æ¡ng trÃ¬nh khuyáº¿n mÃ£i háº¥p dáº«n...tuyá»‡t
33;GiÃ¡ ráº», táº¡m á»•n
34;KhÃ¡ á»•n
35;Ngon
36;NÆ°á»›c uá»‘ng á»Ÿ Ä‘Ã¢y ngon giÃ¡ láº¡i ráº» ná»¯a
37;NhÃ¢n viÃªn phá»¥c vá»¥ nhiá»‡t tÃ¬nh chu Ä‘Ã¡o...
38;Ä‚n sÃºp cua xong khÃ¡t nÆ°á»›c quÃ¡, tiá»‡n cháº¡y qua Ä‘Ã¢y nÃªn ghÃ© vÃ o luÃ´n. KhÃ´ng gian quÃ¡n nhá» xÃ­u, chá»‰ cÃ³ chá»«ng vÃ i bÃ n cáº£ trÃªn vs dÆ°á»›i láº§u thÃ´i, cÅ©ng hok cÃ³ decor gÃ¬ cáº£.
39;Cháº¥t lÆ°á»£ng trÃ  sá»¯a theo mÃ¬nh nhÆ° tháº¿ nÃ y lÃ  á»•n rá»“i, vá»«a nogn láº¡i nhiá»u ná»¯a.
40;Bá»‹ kÃ­ch thÃ­ch tá»« khi mÃ³n nÃ y ra Ä‘á»i, Ä‘Ã£ váº­y chá»• nÃ y lÃ  chá»• Ä‘áº§u tiÃªn mÃ¬nh thá»­ dÃ²ng Macc. Vá»‹ trÃ  xanh thanh,rÃµ vá»‹,khÃ´ng bá»‹ chÃ¡t, uá»‘ng nÃ y mÃ¬nh thÃ­ch nháº¥t lÃºc hÃºt gáº§n háº¿t tá»›i lá»›p bá»t sá»¯a hÃ²a nhe nháº¹ vá»›i lá»›p trÃ , vá»«a bÃ©o vá»«a thÆ¡m vá»‹ trÃ , cá»±c Ä‘Ã£
41;NhÃ  hÃ ng cháº¥t lÆ°á»£ng
42;QuÃ¡n Ä‘á»“ Äƒn vá»«a ngon vá»«a sáº¡ch giÃ¡ thÃ¬ láº¡i ráº»...., NÃ³i chung lÃ  quÃ¡n trÃªn cáº£ tuyá»‡t vá»i
43;Ä‘á»“ Äƒn tÆ°á»i ngon,phá»¥c vá»¥ nhiá»‡t tÃ¬nh chu Ä‘Ã¡o
44;QuÃ¡n Ä‘á»“ Äƒn sáº¡ch ngon, thá»i gian ra mÃ³n nhanh.
45;ThÃ­ch ngay tá»« láº§n Äƒn Ä‘áº§u tiÃªn (ngon,sáº¡ch sáº½,...)
46;NÆ¡i nÃ y lÃ  lá»±a chá»n Äƒn uá»‘g tá»‘t nháº¥t
47;Äá»“ Äƒn ngon
48;Phá»¥c vá»¥ tá»‘t
49;khÃ´ng gian Ä‘áº¹p,sáº¡ch sáº½,nhÃ¢n viÃªn nhiá»‡t tÃ¬nh...good
50;ÄÃ¡nh giÃ¡ 5 sao vá» cháº¥t lÆ°á»£ng
51;quÃ¡n sáº¡ch sáº½,Ä‘á»“ Äƒn tuyá»‡t vá»i,nhÃ¢n viÃªn cÅ©ng ráº¥t tuyá»‡tttttttt tuyá»‡tttty vá»iiiiiii...
52;QuÃ¡n Ä‘á»“ Äƒn ngon, nhÃ¢n viÃªn láº¡i nhiá»‡t tÃ¬nh...
53;Láº§n Ä‘áº§u tiÃªn tháº¥y nhÃ  hÃ ng cÃ³ cÃ¡c báº¡n phá»¥c vá»¥ Ä‘Ã¡ng yÃªu nhÆ° váº­y
54;Ngon...thá»‹t tÆ°Æ¡i, Ä‘á»“ Äƒn phong phÃº nhÃ¢n viÃªn phá»¥c vá»¥ ráº¥t tá»‘t
55;NhÃ¢n viÃªn phÃºc vá»¥c siÃªu nhiá»‡t tÃ¬nh vÃ  chu Ä‘Ã¡o
56;Ngon.. giÃ¡ há»£p lÃ½
57;MÃ³n Äƒn ngon. Ra mÃ³n láº¹
58;Äá»“ Äƒn ngon, phá»¥c vá»¥ chu Ä‘Ã¡o
59;ÄÃ² Äƒn ngon, khÃ´n gian Ä‘áº¹p nhÃ¢n viÃªn siÃªu sá»‹n luÃ´n, Ä‘Ã¡ng yÃªu vÃ´ cÃ¹ng, nháº¥t lÃ  cÃ¡c báº¡n ná»¯ xinh quÃ¡ xinh
60;Ráº¥t hÃ i lÃ²ng khi dÃ¹ng bá»¯a táº¡i Ä‘Ã¢y
61;NÃªm náº¿m Ä‘áº¡m Ä‘Ã , thá»‹t bÃ² rata má»m sáº½ ghÃ© ná»¯a
62;BÃ² má»m, cÃ¡c mÃ³n khai vá»‹ vá»›i má»³ Ã½ á»•n, phÃ¹ há»£p giÃ¡ tiá»n, must tryy nhÃ© kÃ¡c páº¡ng, khÃ´ng giang thÃ³n mÃ¡t phÃ¹ hÆ¡pn vá»›i cÃ¡c káº·p Ä‘Ã´i
63;BÃ² má»m, vá»«a Äƒn, giÃ¡ cáº£ vá»«a pháº£i
64;Steak má»m vÃ  ngá»t , Ä‘áº·c biá»‡t lÃ  sá»‘t tiÃªu Ä‘en ráº¥t ngon !!!
65;Decor mÃ³n Äƒn Ä‘áº¹p máº¯t, bÃ² ráº¥t thÆ¡m khÃ´ng bá»‹ hÃ´i lÃ m vá»«a chÃ­n tá»›i nicee
66;Salad tÆ°Æ¡i vÃ  ngonn!! Steak má»m vÃ  ngá»t, sá»‘t tiÃªu thÆ¡m!!
67;Thá»©c Äƒn ngon. GiÃ¡ cáº£ pháº£i chÄƒng.
68;ÄÄƒÌ£t giao haÌ€ng trÃªn Now, giao haÌ€ng khaÌ nhanh.
69;Pháº£i nÃ³i lÃ  Duyá»‡t.
70;KhÃ´ng gian quÃ¡n rá»™ng rÃ£i thoÃ¡ng mÃ¡t láº¯m.
71;Sao k co Ä‘á»ƒ sdt, lá»¡ k tÃ¬m ra quÃ¡n thÃ¬ goi dt
72;ÄÃºng cháº¥t giá» dÃ¢y thun luÃ´n :))))
80;MÃ¬nh hay uá»‘ng matcha á»Ÿ Ä‘Ã¢y
81;há»§ tiáº¿u ngon
82;ThÃ­ch uá»‘ng matcha
83;NhÃ  hÃ ng trang trÃ­ nháº¹ nhÃ ng
84;Báº¡n nhÃ¢n viÃªn Ä‘Æ°a cÃ¢y kem á»‘c quáº¿ mÃ  mÃ¬nh háº¿t há»“n vá»›i Ä‘á»™ to bá»± Ä‘áº§y Ä‘áº·n cá»§a bÃ´ng kem so vá»›i hÃ¬nh trÃªn menu. CÃ³ nhiá»u vá»‹ nhÆ°ng Æ°ng nháº¥t lÃ  cherry
85;QuÃ¡n nÃ y chiÃªn Ä‘á»“ Äƒn kiá»ƒu gÃ¬ mÃ ... ngon láº¯m luÃ´n Ã¡ ğŸ˜­ Há»“i xÆ°a chÆ°a biáº¿t quÃ¡n toÃ n Äƒn Mr.... xong tá»« há»“i biáº¿t rá»“i chá»‰ Äƒn á»Ÿ quÃ¡n thÃ´i. CÃ¡i phÃ´ mai que ngon dÃ£ man
86;MÃ¬nh Ä‘áº¿n thÆ°á»Ÿng thá»©c hai láº§n cÃ¹ng gia Ä‘Ã¬nh
87;HÆ°Æ¡ng vá»‹ gÃ  chua cay Äƒn ráº¥t báº¯t cÆ¡m hihi! Buá»•i trÆ°a order thá»­ thÃ¬ tháº¥y ráº¥t láº¡ miá»‡ng vÃ  ngonğŸ’¯ mÃ¹i sá»‘t chua chua cay cay vá»‹ me nhÃ¨ nháº¹! NÃªn thá»­â¤ï¸
88;MÃ¬nh cÃ³ Ä‘áº·t ningcha má»™t láº§n mÃ  sao láº§n nÃ y package láº¡ quÃ¡ khÃ´ng cÃ³ cáº£ label ningcha. Má»™t ly cÅ©ng hai mÆ°Æ¡i ba mÆ°Æ¡i máº¥y ngÃ n báº³ng cáº£ nhá»¯ng tiá»‡m trÃ  sá»¯a cÃ³ tÃªn tuá»•i mÃ  sao nhÆ° mua á»Ÿ khÃ´ng cÃ³ thÆ°Æ¡ng hiá»‡u quÃ¡n dá»c Ä‘Æ°á»ng. HÆ¡i hoáº£ng há»“n khÃ´ng biáº¿t á»Ÿ Ä‘Ã¢y cÃ³ Ä‘á»•i chá»§ hay fake khÃ´ng má»i ng
89;Náº±m khuáº¥t nÃªn Ä‘i qua láº¡i khÃ´ng tháº¥y. Náº¿u tháº­t sá»± muá»‘n tÃ¬m quÃ¡n Hoa ngon
90;QuÃ¡n bÃ¡n ráº»
91;MÃ¬nh thÃ­ch cá»ng phá»Ÿ dáº¹p cá»§a Báº¯c vÃ  thÃ­ch nháº¥t náº¡m gáº§u
92;ÄÃºng cháº¥t giá» dÃ¢y thun luÃ´n :))))
93;Náº±m khuáº¥t nÃªn Ä‘i qua láº¡i khÃ´ng tháº¥y. Náº¿u tháº­t sá»± muá»‘n tÃ¬m quÃ¡n Hoa ngon
94;kem khÃ¡ ngá»t
95;BÃ¬nh thÆ°á»ng muá»‘n lÃ m uá»‘ng mÃ  ráº¥t lÆ°á»i vÃ  khÃ´ng cÃ³ thá»i gian
96;ÄÃ¢y lÃ  ly ts tinh than tre nháº­n Ä‘Æ°á»£c
97;Pháº§n cÆ¡m 43k
98;Cafe ngon vÃ  ráº» nháº¥t khu vá»±c
99;QuÃ¡ tháº¥t vá»ng vá» quÃ¡n Äƒn. Láº§n Ä‘áº§u nhÆ° láº§n cuá»‘i. Vá»©t nguyÃªn há»™p mÃ¬. Táº©y chay
100;QuÃ¡n bÃ¡n ngon
101;Sao k co Ä‘á»ƒ sdt, lá»¡ k tÃ¬m ra quÃ¡n thÃ¬ goi dt
102;ThÃ¡i Ä‘á»™ phá»¥c vá»¥ kÃ©m. NhÃ¢n viÃªn khÃ´ng thÃ¨m quan tÃ¢m khÃ¡ch hÃ ng. Äá»“ Äƒn khÃ´ng Ä‘á»§ phá»¥c vá»¥. KhÃ´ng khuyáº¿n khÃ­ch Ä‘áº¿n láº§n sau.
103;Thá»±c Ä‘Æ¡n quáº£ng cÃ¡o vá»›i thá»±c Ä‘Æ¡n thá»±c táº¿ trÃªn bÄƒng chuyá»n lÃ  má»™t trá»i má»™t vá»±c. khÃ´ng cÃ³ cÅ©ng quáº£ng cÃ¡o lÃ  cÃ³. phong cÃ¡ch ngÆ°á»i nháº­t bá»•n lÃ  Ä‘Ã¢y sao?. náº¿u chá»n sao thÃ¬ chá»— nÃ y sáº½ lÃ  0 sao
104;ÄÃ¢y cháº¯c lÃ  quÃ¡n Äƒn mÃ¬nh thÃ­ch vÃ  hay lui tá»›i nháº¥t suá»‘t máº¥y nÄƒm á»Ÿ SG
105;Minh tháº¥y quáº£ng cÃ¡o quÃ¡n ngon
106;Tháº¥y quáº£ng cÃ¡o ngon nÃªn mÃ¬nh Ä‘áº¿n mua cho mÃ¬nh vÃ  má»™t ngÆ°á»i báº¡n HQ
107;Má»³ thÃ¬ khÃ´
108;Ä‚n á»Ÿ quÃ¡n ráº¥t lÃ¢u. Biáº¿t Ä‘áº¿n quÃ¡n lÃºc cÃ²n Ä‘i lÃ m bÃªn***quáº­n 3
109;NhÃ¢n viÃªn thÃ¡i Ä‘á»™ lá»“i lÃµm cÃ¡u gáº¯t vá»›i khÃ¡ch khi order 
110;MÃ¬nh ráº¥t thÃ­ch Äƒn bÃ¡nh plan á»Ÿ Ä‘Ã¢y
111;Gá»i pháº§n bÃ¡nh flan 3 cÃ¡i
113;CÃ´ng viá»‡c nhÃ¬u khi stress
114;Má»™t khu du lá»‹ch mÃ  mÃ¬nh hay ghÃ© khi Ä‘i vá»›i gia Ä‘Ã¬nh báº¡n bÃ¨. Vá»«a Ä‘Æ°á»£c thÄƒm quan free vá»«a cÃ³ khÃ´ng gian trong lÃ nh giá»¯a thÃ nh phá»‘ nhá»™n nhá»‹p. CÅ©ng cÃ³ khu vui chÆ¡i vÃ  khu Äƒn uá»‘ng ngon
115;MÃ¬nh vá»«a Ä‘i cuá»‘i tuáº§n rá»“i. Ä‘á»“ Äƒn bÃ¬nh thÆ°á»ng nhá»¯ng mÃ³n miá»n tÃ¢y nhÆ°ng mÃ¬nh nghÄ© giÃ¡ 270k máº¯c quÃ¡ sá»£ vá»›i nhá»¯ng mÃ³n Äƒn cÃ³ nÆ°á»›c tÃ­nh riÃªng ná»¯a
116;NÄƒm nÃ o cÃ´ng ty mÃ¬nh cÅ©ng tá»• chá»©c táº¥t niÃªn á»Ÿ Ä‘Ã¢y. KhÃ´ng gian thoÃ¡ng mÃ¡t
117;Phong thuá»· tá»‘t
118;Chá»§ shop dá»… thÆ°Æ¡ng
119;Buffet nÃ y náº±m trong hotel Lotte Saigon
120;Sá»‘ lÆ°á»£ng mÃ³n hÆ¡i Ã­t so vá»›i cÃ¡c KS khÃ¡c
121;Buffet bÃªn nÃ y hÆ¡i Ã­t mÃ³n
122;Do báº¡n mÃ¬nh lÃ m á»Ÿ Ä‘Ã¢y nÃªn má»—i láº§n cÃ´ng ty tá»• chá»©c tiá»‡c hay tá»« thiá»‡n Ä‘á»u dáº«n mÃ¬nh Ä‘i theo. HÃ´m nay cÅ©ng khÃ´ng ngoáº¡i lá»‡. Vá» khÃ´ng gian cÅ©ng nhÆ° cÃ¡ch phá»¥c vá»¥ thÃ¬ khá»i bÃ n cÃ£i. KhÃ¡ch sáº¡n rá»™ng
123;HoÃ n háº£o. KhÃ´ng giang Ä‘áº¹p. NhÃ¢n viÃªn nhiá»‡t tÃ¬nh. Äá»“ Äƒn ráº¥t ngon ( cáº£m Æ¡n cÃ¡c chef Ä‘Ã£ cho tÃ´i cÃ³ má»™t ngÃ y tuyá»‡t vá»i á»Ÿ Ä‘Ã¢y)
124;BÃ¡nh nÃ y ba mÃ¬nh Ä‘c táº·ng
125;MÃ¬nh Ä‘áº¿n Ä‘Ã¢y tá»• chá»©c sá»± kiá»‡n
126;Sá»¯a chua nho Ä‘en, thÆ¡m dÃ£ man luÃ´n, ngá»t cá»§a nho tÆ°Æ¡i , chua dá»‹u cá»§a sá»¯a chua. Giáº£i khÃ¡t láº¯m luÃ´n. Cáº£ phÃ²ng cty mÃ¬nh Ä‘á»u thÃ­ch uá»‘ng quÃ¡n nÃ y.
127;do an khoi ngot, khong gian xau, phuc vu kem
128;NÄƒm hÆ¡n quay láº¡i. Tháº¥y váº«n ngon. CÃ³ cáº­p nháº­t thÃªm nhÃ¬u mÃ³n chay má»›i. QuÃ¡n váº«n chu Ä‘Ã¡o. CÃ³ Ä‘o thÃ¢n nhiá»‡t khi vÃ o vÃ  vá»‡ sinh ká»¹ nÃªn Äƒn uá»‘ng yÃªn tÃ¢m!
129;ÄÃ¢y lÃ  quÃ¡n Äƒn chay mÃ  mÃ¬nh cá»±c kÃ¬ thÃ­ch, láº§n nÃ o tá»›i áº¥n tÆ°á»£ng cÅ©ng ráº¥t tá»‘t tá»« phá»¥c vá»¥ tá»›i cháº¥t lÆ°á»£ng Ä‘á»“ Äƒn. 
130;Tiá»‡m khÃ¡ gáº§n chá»— lÃ m mÃ¬nh nÃªn hÃ´m nay láº¡i ghÃ©, cÃ³ gÃ³p Ã½ menu tá»‘i thÃ¬ hÃ´m nay láº¡i tháº¥y cuá»‘n mÃ u tráº¯ng má»›i, dá»… Ä‘á»c nhÆ°ng láº¡i thiáº¿u hÃ¬nh minh hoáº¡ nhÆ° cuá»‘n cÅ©!.
131;NhÃ  hÃ ng nÃ y mÃ¬nh cÅ©ng thÆ°á»ng xuyÃªn Ä‘áº¿n Äƒn láº¯m nhÆ°ng cháº¥t lÆ°á»£ng mÃ³n Äƒn hÃ´m nay hÆ¡i tháº¥t vá»ng vÃ¬ cÃ¡c mÃ³n Äƒn Ä‘á»ƒu thay Ä‘á»•i vá»‹ khÃ´ng nhÆ° xÆ°a ná»¯a.
132;Tháº­t sá»± lÃ  khÃ´ng cÃ³ gÃ¬ Ä‘á»ƒ chÃª cáº£ vá» mÃ³n Äƒn láº«n phá»¥c vá»¥ vÃ  khÃ´ng gian quÃ¡n. áº¤n tÆ°á»£ng Ä‘áº§u tiÃªn khi bÆ°á»›c vÃ o lÃ  mÃ¹i thÆ¡m thoang thoáº£ng ráº¥t dá»… chá»‹u.
133;ThÃ­ch nhÃ¢n viÃªn phá»¥c vá»¥ nhiá»‡t tÃ¬nh, dá»… thÆ°Æ¡ng. MÃ³n Äƒn ra ráº¥t nhiá»u, Äƒn khÃ´ng háº¿t mang vá» Ä‘Æ°á»£c gÃ³i há»™p ráº¥t ká»¹ cÃ ng vÃ  tá»­ táº¿. Cho nhÃ  hÃ ng 10 Ä‘iá»ƒm.
134;Sáº¯p Ä‘áº¿n thÃ¡ng 7 Ã¢m, tÃ¬m Ä‘c chá»— nÃ y gáº§n nhÃ , mÃ³n Ä‘áº­m Ä‘Ã , quÃ¡n rá»™ng nÃªn luÃ´n cÃ³ chá»—, nhÃ¢n viÃªn thiá»‡n tÃ¬nh.
135;Tuáº§n rá»“i cÃ³ Ä‘Ã£i 3 bÃ n tiá»‡c chay á»Ÿ Ä‘Ã¢y. Phá»¥c vá»¥ á»•n, cho nÆ°á»›c miá»…n phÃ­.
136;QuÃ¡n Ä‘Ã´ng mÃ  cÅ©ng Ä‘Ã´ng nhÃ¢n viÃªn nÃªn phá»¥c vá»¥ gá»i mÃ³n khÃ¡ nhanh! QuÃ¡n Ä‘áº¹p, sáº¡ch dÃ¹ ráº¥t Ä‘Ã´ng. MÃ³n chay ngon, nÃªm náº¿m vá»«a Äƒn.
137;CÃ³ thÃªm máº¥y mÃ³n má»›i báº¡n nhÃ¢n viÃªn giá»›i thiá»‡u. Váº«n ngon nhÆ° xÆ°a. Äáº·c biá»‡t nÃªn thá»­ mÃ³n Äáº­u há»§ Ä‘Ã´ng cÃ´, cháº£ giÃ² ráº¿ nha! Ngon láº¯m!
138;TÃ´i Ä‘i Äƒn vÃ o tá»‘i mÃ¹ng má»™t, cho dÃ¹ ráº¥t Ä‘Ã´ng khÃ¡ch vÃ  pháº£i Ä‘á»i bÃ n hÆ¡i lÃ¢u, nhÆ°ng phá»¥c vá»¥ ráº¥t tá»‘t, lÃºc nÃ o cÅ©ng lá»‹ch sá»± tÆ°Æ¡i cÆ°á»i. LÃªn mÃ³n cÅ©ng nhanh vÃ  cháº¥t lÆ°á»£ng, tháº­t sá»± hÃ i lÃ²ng
139;NÃ³ ngá»t kinh khá»§ng khiáº¿p má»i ngÆ°á»i áº¡  Ngá»t Ä‘áº¿n ko Äƒn ná»•i lun Ã¡
140;GiÃ¡ khÃ´ng quÃ¡ cao, MÃ³n Äƒn vá»«a miá»‡ng, mÃ u sáº¯c Ä‘áº¹p. NÃ³i chung lÃ  Tuyá»‡t Vá»i
141;Phá»¥c vá»¥ tá»‘t. Lá»‹ch sá»±. Sáº¡ch sáº½. MÃ³n Äƒn ngon. GiÃ¡ cáº£ cá»±c kÃ¬ há»£p lÃ½. KhÃ¡ch Ä‘áº·t bÃ n lÃ  giá»¯ háº³n hoi. KhÃ´ng lá»™n xá»™n nhÆ° nhá»¯ng quÃ¡n khÃ¡c. Ráº¥t thÃ­ch Ä‘iáº»m Ã¡y
142;kha ngon
143;khong gian dep, mon an ngon
144;MÃ³n Äƒn ngon, cháº¿ biáº¿n khÃ¡ cáº§u ká»³, nÆ°á»›c cÅ©ng ngon.
145;XÃ´i chiÃªn vÃ  nÆ°á»›c cháº¥m ngon nhÆ°ng bt mÃ¬nh k Äƒn cÆ¡m chÃ¡y dc vÃ¬ dÃ­nh rÄƒng nÃªn Äƒn cá»©ng cá»©ng xÃ´i k háº£o láº¯m. Mua cho chá»“ng Äƒn thÃ´i. NhÆ°ng yaua vÃ  bÃ¡nh flan thÃ¬ Äƒn khÃ¡ ngon :D Ä‘áº·c dáº»o
146;ThÃ¢Ìy mn review khÃ¡ tá»‘t nÃªn cÅ©ng mua Äƒn thÆ°Ì‰ nhÆ°ng hÆ¡i thÃ¢Ìt vá»ng. XÃ´i bá»‹ má»m vÃ  nhÃ¢n khÃ¡ máº·n. M Äƒn máº·n mÃ  cÃ²n tháº¥y mÄƒÌ£n thÃ¬ nhÆ°Ìƒng b Äƒn nhaÌ£t nÃªn lÆ°u yÌ trc khi mua nhÃ©.
147;MÃ¬nh Ä‘Ã£ Äƒn xÃ´i chiÃªn ráº¥t nhiá»u chá»— Ä‘Æ°á»£c review ráº§m rá»™, nhÆ°ng xÃ´i á»Ÿ Ä‘Ã¢y lÃ  á»•n nháº¥t vá»›i mÃ¬nh, sá»‘t ko bá»‹ ngá»t mÃ  káº¿t há»£p vá»›i xÃ´i ráº¥t vá»«a, nhá»¯ng chá»— khÃ¡c sá»‘t ngá»t quÃ¡ Äƒn ká»³ ká»³. XÃ´i giao tá»›i váº«n cÃ²n nÃ³ng giÃ²n, thÆ¡m mÃ¹i thá»‹t xÃ o vá»›i náº¥m, trÃ¬nh bÃ y Ä‘áº¹p máº¯t , sáº¡ch sáº½ vÃ¬ tháº¿ dÃ¹ Äƒn thá»­ nhiá»u nÆ¡i nhÆ°ng chá»— nÃ y lÃ  chá»— mÃ¬nh váº«n Æ°ng nháº¥t!!
148;XoÌ‚i chieÌ‚n oÌ›Ì‰ Ä‘aÌ‚y triÌ€nh baÌ€y raÌ‚Ìt Ä‘eÌ£p maÌ†Ìt vaÌ€ chaÌ‚Ìt luÌ›oÌ›Ì£ng
149;Shop xin lÆ°u Ã½ khÃ¡ch lÃ  xÃ´i chiÃªn cá»§a shop khÃ´ng cÃ³ sá»‘t Ä‘á»ƒ cháº¥m xÃ´i nha, chá»‰ cÃ³ sate, báº¡n nÃ o Äƒn cay nhiá»u thÃ¬ nhá»› ghi chÃº trÃªn now Ä‘á»ƒ shop bá» thÃªm há»™p sate cho cÃ¡c báº¡n nha. LÆ°u Ã½ lÃ  XÃ”I CHIÃŠN KO CÃ“ TÆ¯Æ NG CHáº¤M NHÆ¯ Gá»I CUá»N NHAAAAAA!!!
150;XÃ´i ngon vÃ  Ä‘áº·t láº§n thá»© 2 k cho nÆ°á»›c cháº¥m, xin thÃªm nÆ°á»›c cháº¥m k cho.Ä‘áº·t 10 cÃ¡i mÃ  cho cÃ³ xÃ­u nÆ°á»›c cháº¥m
151;BÃ² má»m, vá»«a Äƒn, giÃ¡ cáº£ vá»«a pháº£i
152;NÃªm náº¿m Ä‘áº¡m Ä‘Ã , thá»‹t bÃ² rata má»m sáº½ ghÃ© ná»¯a
153;Ráº¥t hÃ i lÃ²ng khi dÃ¹ng bá»¯a táº¡i Ä‘Ã¢y
154;Ngon.. giÃ¡ há»£p lÃ½
155;Ngon...thá»‹t tÆ°Æ¡i, Ä‘á»“ Äƒn phong phÃº nhÃ¢n viÃªn phá»¥c vá»¥ ráº¥t tá»‘t
156;Khong ngon
157;Äá»“ Äƒn tá»‡
158;Äá»“ Äƒn ngon
159;QuÃ¡n Ä‘á»“ Äƒn sáº¡ch ngon, thá»i gian ra mÃ³n nhanh.
160;NÆ°á»›c uá»‘ng á»Ÿ Ä‘Ã¢y ngon giÃ¡ láº¡i ráº» ná»¯a
161;NGON LAM NHA
